Id,XMin,XMax,YMin,YMax
65_wat,0.021616999999999997,0.926692,0.293308,0.987492
gotobelair,0.0,0.986842,0.101939,0.9856159999999999
soldiers,0.555451,0.9501879999999999,0.510319,0.999375
